{
    "namespace": "cosmetics",
    "zeqa_cosmetics_form": {
        "type": "panel",
        "anchor_from": "center",
        "anchor_to": "center",
        "size": [
            337,
            225
        ],
        "max_size": [
            337,
            225
        ],
        "offset": [
            0,
            0
        ],
        "orientation": "vertical",
        "controls": [
            {
                "title": {
                    "type": "image",
                    "size": [
                        "100%c +10px",
                        "100%c +3px"
                    ],
                    "texture": "textures/ui/zeqa/longform/titlebg",
                    "alpha": 1,
                    "layer": 4,
                    "anchor_from": "top_middle",
                    "anchor_to": "top_middle",
                    "offset": [
                        0,
                        -5
                    ],
                    "controls": [
                        {
                            "title_text": {
                                "layer": 5,
                                "type": "label",
                                "font_type": "MinecraftSeven",
                                "text": "#title_text",
                                "text_alignment": "center",
                                "font_scale_factor": 1.3,
                                "anchor_from": "top_middle",
                                "anchor_to": "top_middle",
                                "offset": [
                                    0,
                                    1
                                ],
                                "shadow": false,
                                "bindings": [
                                    {
                                        "binding_name": "#title_text",
                                        "binding_type": "global"
                                    }
                                ]
                            }
                        }
                    ]
                }
            },
            {
                "close_button@server_form.zeqa_close_button": {
                    "anchor_from": "top_right",
                    "anchor_to": "top_right",
                    "offset": [
                        5,
                        -8
                    ]
                }
            },
            {
                "contents": {
                    "size": [
                        "100%",
                        "100%"
                    ],
                    "layer": 2,
                    "type": "image",
                    "texture": "textures/ui/zeqa/cosmetics/cosmetics_background",
                    "keep_ratio": false,
                    "controls": [
                        {
                            "add_panel": {
                                "type": "stack_panel",
                                "orientation": "horizontal",
                                "offset": [
                                    0,
                                    0
                                ],
                                "anchor_to": "center",
                                "anchor_from": "center",
                                "size": [
                                    "100%",
                                    "100%"
                                ],
                                "controls": [
                                    {
                                        "viewer_panel@doll.skin_viewer_panel": {}
                                    },
                                    {
                                        "zeqa_scroll_panel@zeqa_scroll_panel": {}
                                    }
                                ]
                            }
                        }
                    ]
                }
            }
        ]
    },
    "zeqa_scroll_panel": {
        "type": "image",
        "size": [
            "fill",
            "100% - 18px"
        ],
        "layer": 2,
        "controls": [
            {
                "zeqa_scroll_panel_pane@common.scrolling_panel": {
                    "size": [
                        "100%",
                        "100%"
                    ],
                    "$scroll_bar_contained": true,
                    "anchor_to": "center",
                    "anchor_from": "center",
                    "$show_background": false,
                    "$scrolling_content": "cosmetics.zeqa_wrapper",
                    "$scroll_size": [
                        5,
                        "100% -4px"
                    ],
                    "$scrolling_pane_size": [
                        "100% - 4px",
                        "100% - 2px"
                    ],
                    "$scrolling_pane_offset": [
                        0,
                        15
                    ],
                    "$scroll_bar_left_padding_size": [
                        0,
                        0
                    ],
                    "$scroll_bar_right_padding_size": [
                        2,
                        0
                    ],
                    "$scroll_view_port_offset": [
                        -2,
                        0
                    ],
                    "$scroll_box_mouse_image_control": "server_form.zeqa_scroll_handle",
                    "$scroll_box_touch_image_control": "server_form.zeqa_scroll_handle",
                    "$scroll_background_image_control": "server_form.zeqa_rail",
                    "$scroll_track_image_control": "server_form.zeqa_rail"
                }
            }
        ]
    },
    "zeqa_wrapper": {
        "type": "panel",
        "size": [
            "100%",
            "100%c"
        ],
        "controls": [
            {
                "zeqa_wrapper@cosmetics.zeqa_grid": {}
            }
        ]
    },
    "zeqa_grid": {
        "type": "stack_panel",
        "orientation": "vertical",
        "offset": [
            0,
            0
        ],
        "size": [
            "100%",
            "100%c"
        ],
        "controls": [
            {
                "zeqa_menu_grid@cosmetics.zeqa_menu_grid": {}
            }
        ]
    },
    "zeqa_menu_grid": {
        "type": "grid",
        "size": [
            "100%",
            "100%c"
        ],
        "anchor_from": "top_middle",
        "anchor_to": "top_middle",
        "grid_item_template": "cosmetics.zeqa_button_size",
        "grid_rescaling_type": "horizontal",
        "collection_name": "form_buttons",
        "bindings": [
            {
                "binding_name": "#form_button_length",
                "binding_name_override": "#maximum_grid_items"
            }
        ]
    },
    "zeqa_button_size": {
        "type": "panel",
        "size": [
            50,
            75
        ],
        "anchor_from": "top_middle",
        "anchor_to": "top_middle",
        "controls": [
            {
                "zeqa_button": {
                    "type": "panel",
                    "size": [
                        "100%",
                        "100%"
                    ],
                    "controls": [
                        {
                            "button@common.button": {
                                "anchor_from": "top_left",
                                "anchor_to": "top_left",
                                "offset": [
                                    0,
                                    0
                                ],
                                "layer": 2,
                                "$pressed_button_name": "button.form_button_click",
                                "sound_name": "zeqa.click",
                                "sound_volume": 1.0,
                                "controls": [
                                    {
                                        "default@cosmetics.zeqa_buttons": {
                                            "$button_texture": "textures/ui/zeqa/cosmetics/default"
                                        }
                                    },
                                    {
                                        "hover@cosmetics.hover_state": {
                                            "$button_texture": "textures/ui/zeqa/cosmetics/default_hover"
                                        }
                                    },
                                    {
                                        "pressed@cosmetics.zeqa_buttons": {
                                            "$button_texture": "textures/ui/zeqa/cosmetics/default_pressed"
                                        }
                                    }
                                ],
                                "bindings": [
                                    {
                                        "binding_type": "collection_details",
                                        "binding_collection_name": "form_buttons"
                                    }
                                ]
                            }
                        }
                    ]
                }
            }
        ]
    },
    "zeqa_buttons": {
        "type": "stack_panel",
        "anchor_from": "top_left",
        "anchor_to": "top_left",
        "offset": [
            0,
            0
        ],
        "size": [
            "100%-4px",
            "100% -4px"
        ],
        "orientation": "vertical",
        "controls": [
            {
                "menu_icon": {
                    "size": [
                        "100%",
                        "fill"
                    ],
                    "layer": 2,
                    "type": "image",
                    "texture": "$button_texture",
                    "controls": [
                        {
                            "menu_icon": {
                                "type": "image",
                                "layer": 5,
                                "size": [
                                    48,
                                    48
                                ],
                                "keep_ratio": true,
                                "offset": [
                                    0,
                                    0
                                ],
                                "bindings": [
                                    {
                                        "binding_name": "#form_button_texture",
                                        "binding_name_override": "#texture",
                                        "binding_type": "collection",
                                        "binding_collection_name": "form_buttons"
                                    },
                                    {
                                        "binding_name": "#form_button_texture_file_system",
                                        "binding_name_override": "#texture_file_system",
                                        "binding_type": "collection",
                                        "binding_collection_name": "form_buttons"
                                    },
                                    {
                                        "binding_type": "view",
                                        "source_property_name": "(not ((#texture = '') or (#texture = 'loading')))",
                                        "target_property_name": "#visible"
                                    }
                                ]
                            }
                        }
                    ]
                }
            }
        ]
    },
    "hover_state": {
        "type": "image",
        "texture": "$button_texture",
        "layer": 2,
        "anchor_from": "top_left",
        "anchor_to": "top_left",
        "offset": [
            0,
            0
        ],
        "size": [
            "100%-4px",
            "100% -4px"
        ],
        "controls": [
            {
                "hover_states@cosmetics.hover_states": {}
            }
        ]
    },
    "hover_states": {
        "type": "image",
        "layer": 5,
        "size": [
            48,
            48
        ],
        "keep_ratio": true,
        "offset": [
            0,
            -3
        ],
        "bindings": [
            {
                "binding_name": "#form_button_texture",
                "binding_name_override": "#texture",
                "binding_type": "collection",
                "binding_collection_name": "form_buttons"
            },
            {
                "binding_name": "#form_button_texture_file_system",
                "binding_name_override": "#texture_file_system",
                "binding_type": "collection",
                "binding_collection_name": "form_buttons"
            },
            {
                "binding_type": "view",
                "source_property_name": "(not ((#texture = '') or (#texture = 'loading')))",
                "target_property_name": "#visible"
            }
        ],
        
                    "controls": [
                        {
                            "hover_text@cosmetics.hover_text": {}
                        }
                    ]
    },
    "hover_text@common.hover_text": {
        "layer": 10,
        "bindings": [
            {
                "binding_name": "#form_button_text",
                "binding_name_override": "#hover_text",
                "binding_collection_name": "form_buttons",
                "binding_type": "collection"
            }
        ]
    }
}