{
  "namespace": "maps",
  "zeqa_long_form": {
    "type": "panel",
    "anchor_from": "center",
    "anchor_to": "center",
    "size": [
      "100% - 4px",
      "100% - 4px"
    ],
    "max_size": [
      380,
      200
    ],
    "offset": [
      0,
      0
    ],
    "orientation": "vertical",
    "controls": [
      {
        "title": {
          "type": "image",
          "size": [
            "100%c +10px",
            "100%c +3px"
          ],
          "texture": "textures/ui/zeqa/longform/titlebg",
          "alpha": 1,
          "layer": 4,
          "anchor_from": "top_middle",
          "anchor_to": "top_middle",
          "offset": [
            0,
            -8
          ],
          "controls": [
            {
              "title_text": {
                "layer": 5,
                "type": "label",
                "font_type": "MinecraftSeven",
                "text": "#title_text",
                "text_alignment": "center",
                "font_scale_factor": 1.3,
                "anchor_from": "top_middle",
                "anchor_to": "top_middle",
                "offset": [
                  0,
                  1
                ],
                "shadow": false,
                "bindings": [
                  {
                    "binding_name": "#title_text",
                    "binding_type": "global"
                  }
                ]
              }
            }
          ]
        }
      },
      {
        "close_button@server_form.zeqa_close_button": {
          "anchor_from": "top_right",
          "anchor_to": "top_right",
          "offset": [
            -8,
            -11
          ]
        }
      },
      {
        "contents": {
          "size": [
            "100%  -30px",
            "100%"
          ],
          "layer": 2,
          "type": "image",
          "texture": "textures/ui/zeqa/maps/background",
          "keep_ratio": false,
          "clips_children": true,
          "allow_clipping": true,
          "controls": [
            {
              "add_panel": {
                "type": "stack_panel",
                "orientation": "vertical",
                "offset": [
                  0,
                  0
                ],
                "anchor_to": "top_left",
                "anchor_from": "top_left",
                "size": [
                  "100%",
                  "100%"
                ],
                "controls": [
                  {
                    "padding": {
                      "type": "panel",
                      "size": [
                        "100%",
                        15
                      ]
                    }
                  },
                  {
                    "zeqa_scrolling_panel@zeqa_scrolling_panel": {}
                  }
                ]
              }
            }
          ]
        }
      }
    ]
  },
  "button_content": {
    "type": "stack_panel",
    "anchor_from": "top_left",
    "anchor_to": "top_left",
    "offset": [
      0,
      0
    ],
    "size": [
      "100% -2px",
      "100% -2px"
    ],
    "orientation": "vertical",
    "controls": [
      {
        "menu_icon": {
          "size": [
            "100%",
            "fill"
          ],
          "layer": 2,
          "type": "image",
          "texture": "$button_texture",
          "controls": [
            {
              "menu_icon": {
                "type": "image",
                "layer": 2,
                "size": [
                  "90%",
                  "90%"
                ],
                "keep_ratio": true,
                "offset": [
                  0,
                  0
                ],
                "bindings": [
                  {
                    "binding_name": "#form_button_texture",
                    "binding_name_override": "#texture",
                    "binding_type": "collection",
                    "binding_collection_name": "form_buttons"
                  },
                  {
                    "binding_name": "#form_button_texture_file_system",
                    "binding_name_override": "#texture_file_system",
                    "binding_type": "collection",
                    "binding_collection_name": "form_buttons"
                  },
                  {
                    "binding_type": "view",
                    "source_property_name": "(not ((#texture = '') or (#texture = 'loading')))",
                    "target_property_name": "#visible"
                  }
                ]
              }
            }
          ]
        }
      }
    ]
  },
  "hover_state": {
    "type": "image",
    "texture": "$button_texture",
    "layer": 2,
    "anchor_from": "top_left",
    "anchor_to": "top_left",
    "offset": [
      0,
      0
    ],
    "size": [
      "100% -2px",
      "100% -2px"
    ],
    "controls": [
      {
        "hover_states@maps.hover_states": {}
      }
    ]
  },
  "hover_states": {
    "type": "image",
    "layer": 2,
    "size": [
      "90%",
      "90%"
    ],
    "keep_ratio": true,
    "offset": [
      0,
      0
    ],
    "bindings": [
      {
        "binding_name": "#form_button_texture",
        "binding_name_override": "#texture",
        "binding_type": "collection",
        "binding_collection_name": "form_buttons"
      },
      {
        "binding_name": "#form_button_texture_file_system",
        "binding_name_override": "#texture_file_system",
        "binding_type": "collection",
        "binding_collection_name": "form_buttons"
      },
      {
        "binding_type": "view",
        "source_property_name": "(not ((#texture = '') or (#texture = 'loading')))",
        "target_property_name": "#visible"
      }
    ],
    "controls": [
      {
        "hover_text@maps.hover_text": {}
      }
    ]
  },
  "hover_text@common.hover_text": {
    "layer": 10,
    "bindings": [
      {
        "binding_name": "#form_button_text",
        "binding_name_override": "#hover_text",
        "binding_collection_name": "form_buttons",
        "binding_type": "collection"
      }
    ]
  },
  "grid_item": {
    "type": "panel",
    "size": [
      110,
      90
    ],
    "anchor_from": "top_middle",
    "anchor_to": "top_middle",
    "controls": [
      {
        "zeqa_button": {
          "type": "panel",
          "size": [
            "100%",
            "100%"
          ],
          "controls": [
            {
              "button@common.button": {
                "anchor_from": "top_middle",
                "anchor_to": "top_middle",
                "layer": 2,
                "$pressed_button_name": "button.form_button_click",
                "sound_name": "zeqa.click",
                "sound_volume": 1.0,
                "controls": [
                  {
                    "default@maps.button_content": {
                      "$button_texture": "textures/ui/zeqa/maps/default"
                    }
                  },
                  {
                    "hover@maps.hover_state": {
                      "$button_texture": "textures/ui/zeqa/maps/hover"
                    }
                  },
                  {
                    "pressed@maps.button_content": {
                      "$button_texture": "textures/ui/zeqa/maps/pressed"
                    }
                  }
                ],
                "bindings": [
                  {
                    "binding_type": "collection_details",
                    "binding_collection_name": "form_buttons"
                  }
                ]
              }
            }
          ]
        }
      }
    ]
  },
  "grid_content": {
    "type": "grid",
    "size": [
      "100%",
      "100%c"
    ],
    "anchor_from": "top_middle",
    "anchor_to": "top_middle",
    "grid_item_template": "maps.grid_item",
    "grid_rescaling_type": "horizontal",
    "collection_name": "form_buttons",
    "bindings": [
      {
        "binding_name": "#form_button_length",
        "binding_name_override": "#maximum_grid_items"
      }
    ]
  },
  "scrolling_content": {
    "type": "panel",
    "size": [
      "100%",
      "100%c"
    ],
    "controls": [
      {
        "map_grid@maps.map_grid": {}
      }
    ]
  },
  "map_grid": {
    "type": "stack_panel",
    "orientation": "vertical",
    "offset": [
      0,
      0
    ],
    "size": [
      "100%",
      "100%c"
    ],
    "controls": [
      {
        "grid_content@maps.grid_content": {}
      }
    ]
  },
  "zeqa_scrolling_panel": {
    "type": "image",
    "size": [
      "100%",
      "100% - 19px"
    ],
    "layer": 2,
    "controls": [
      {
        "scrolling_panel@common.scrolling_panel": {
          "$scroll_bar_contained": true,
          "size": [
            "100%",
            "100%"
          ],
          "$show_background": false,
          "anchor_from": "top_middle",
          "anchor_to": "top_middle",
          "$scrolling_content": "maps.scrolling_content",
          "$scroll_size": [
            5,
            "100% -4px"
          ],
          "$scrolling_pane_offset": [
            0,
            0
          ],
          "$scroll_bar_left_padding_size": [
            0,
            0
          ],
          "$scroll_bar_right_padding_size": [
            4,
            0
          ],
          "$scroll_view_port_offset": [
            -3,
            0
          ],
          "$scroll_box_mouse_image_control": "server_form.zeqa_scroll_handle",
          "$scroll_box_touch_image_control": "server_form.zeqa_scroll_handle",
          "$scroll_background_image_control": "server_form.zeqa_rail",
          "$scroll_track_image_control": "server_form.zeqa_rail"
        }
      }
    ]
  }
}