{
    "namespace": "static",
    "zeqa_rules_form": {
        "type": "panel",
        "anchor_from": "center",
        "anchor_to": "center",
        "size": "$size",
        "$size|default": [
            415,
            250
        ],
        "$max_size|default": [
            415,
            250
        ],
        "variables": [
            {
                "requires": "($pocket_screen or $apple_os or $pocket_edition or $google_os)",
                "$size": [
                    300,
                    175
                ],
                "$max_size": [
                    300,
                    175
                ]
            }
        ],
        "offset": [
            0,
            0
        ],
        "orientation": "vertical",
        "controls": [
            {
                "title": {
                    "type": "image",
                    "size": [
                        "100%c +10px",
                        "100%c +3px"
                    ],
                    "texture": "textures/ui/zeqa/longform/titlebg",
                    "alpha": 1.0,
                    "layer": 4,
                    "anchor_from": "top_middle",
                    "anchor_to": "top_middle",
                    "offset": [
                        0,
                        -5
                    ],
                    "controls": [
                        {
                            "title_text": {
                                "layer": 5,
                                "type": "label",
                                "font_type": "MinecraftSeven",
                                "text": "#title_text",
                                "text_alignment": "center",
                                "font_scale_factor": 1.3,
                                "anchor_from": "top_middle",
                                "anchor_to": "top_middle",
                                "offset": [
                                    0,
                                    0.5
                                ],
                                "shadow": false,
                                "bindings": [
                                    {
                                        "binding_name": "#title_text",
                                        "binding_type": "global"
                                    }
                                ]
                            }
                        }
                    ]
                }
            },
            {
                "close_button@server_form.zeqa_close_button": {
                    "anchor_from": "top_right",
                    "anchor_to": "top_right",
                    "offset": [
                        5,
                        -8
                    ]
                }
            },
            {
                "contents": {
                    "size": [
                        "100%",
                        "100%"
                    ],
                    "layer": 2,
                    "type": "image",
                    "texture": "textures/ui/zeqa/static/rules",
                    "keep_ratio": false
                }
            }
        ]
    },
    "zeqa_emojis_form": {
        "type": "panel",
        "anchor_from": "center",
        "anchor_to": "center",
        "size": "$size",
        "$size|default": [
            415,
            250
        ],
        "$max_size|default": [
            415,
            250
        ],
        "variables": [
            {
                "requires": "($pocket_screen or $apple_os or $pocket_edition or $google_os)",
                "$size": [
                    300,
                    175
                ],
                "$max_size": [
                    300,
                    175
                ]
            }
        ],
        "offset": [
            0,
            0
        ],
        "orientation": "vertical",
        "controls": [
            {
                "title": {
                    "type": "image",
                    "size": [
                        "100%c +10px",
                        "100%c +3px"
                    ],
                    "texture": "textures/ui/zeqa/longform/titlebg",
                    "alpha": 1.0,
                    "layer": 4,
                    "anchor_from": "top_middle",
                    "anchor_to": "top_middle",
                    "offset": [
                        0,
                        -5
                    ],
                    "controls": [
                        {
                            "title_text": {
                                "layer": 5,
                                "type": "label",
                                "font_type": "MinecraftSeven",
                                "text": "#title_text",
                                "text_alignment": "center",
                                "font_scale_factor": 1.3,
                                "anchor_from": "top_middle",
                                "anchor_to": "top_middle",
                                "offset": [
                                    0,
                                    0.5
                                ],
                                "shadow": false,
                                "bindings": [
                                    {
                                        "binding_name": "#title_text",
                                        "binding_type": "global"
                                    }
                                ]
                            }
                        }
                    ]
                }
            },
            {
                "close_button@server_form.zeqa_close_button": {
                    "anchor_from": "top_right",
                    "anchor_to": "top_right",
                    "offset": [
                        5,
                        -8
                    ]
                }
            },
            {
                "contents": {
                    "size": [
                        "100%",
                        "100%"
                    ],
                    "layer": 2,
                    "type": "image",
                    "texture": "textures/ui/zeqa/static/emojis",
                    "keep_ratio": false
                }
            }
        ]
    },
    "zeqa_rank_form": {
        "type": "panel",
        "anchor_from": "center",
        "anchor_to": "center",
        "size": "$size",
        "$size|default": [
            415,
            250
        ],
        "$max_size|default": [
            415,
            250
        ],
        "variables": [
            {
                "requires": "($pocket_screen or $apple_os or $pocket_edition or $google_os)",
                "$size": [
                    300,
                    175
                ],
                "$max_size": [
                    300,
                    175
                ]
            }
        ],
        "offset": [
            0,
            0
        ],
        "orientation": "vertical",
        "controls": [
            {
                "title": {
                    "type": "image",
                    "size": [
                        "100%c +10px",
                        "100%c +3px"
                    ],
                    "texture": "textures/ui/zeqa/longform/titlebg",
                    "alpha": 1.0,
                    "layer": 4,
                    "anchor_from": "top_middle",
                    "anchor_to": "top_middle",
                    "offset": [
                        0,
                        -5
                    ],
                    "controls": [
                        {
                            "title_text": {
                                "layer": 5,
                                "type": "label",
                                "font_type": "MinecraftSeven",
                                "text": "#title_text",
                                "text_alignment": "center",
                                "font_scale_factor": 1.3,
                                "anchor_from": "top_middle",
                                "anchor_to": "top_middle",
                                "offset": [
                                    0,
                                    0.5
                                ],
                                "shadow": false,
                                "bindings": [
                                    {
                                        "binding_name": "#title_text",
                                        "binding_type": "global"
                                    }
                                ]
                            }
                        }
                    ]
                }
            },
            {
                "close_button@server_form.zeqa_close_button": {
                    "anchor_from": "top_right",
                    "anchor_to": "top_right",
                    "offset": [
                        5,
                        -8
                    ]
                }
            },
            {
                "contents": {
                    "size": [
                        "100%",
                        "100%"
                    ],
                    "layer": 2,
                    "type": "image",
                    "texture": "textures/ui/zeqa/static/rank",
                    "keep_ratio": false
                }
            }
        ]
    }
}