{
  "namespace": "tabbed_upsell",
  "tabbed_upsell_screen@common.base_screen": {
    "force_render_below": false,
    "$screen_content": "tabbed_upsell.tabbed_upseel_screen_panel"
  },
  "tabbed_upseel_screen_panel": {
    "type": "panel",
    "anchor_from": "center",
    "anchor_to": "center",
    "size": [
      300,
      175
    ],
    "max_size": [
      300,
      175
    ],
    "offset": [
      0,
      0
    ],
    "orientation": "vertical",
    "controls": [
      {
          "title": {
              "type": "image",
              "size": [
                  "100%c +10px",
                  "100%c +3px"
              ],
              "texture": "textures/ui/zeqa/longform/titlebg",
              "alpha": 1.0,
              "layer": 4,
              "anchor_from": "top_middle",
              "anchor_to": "top_middle",
              "offset": [
                  0,
                  -5
              ],
              "controls": [
                  {
                      "title_text": {
                          "layer": 5,
                          "type": "label",
                          "font_type": "MinecraftSeven",
                          "text": " ",
                          "text_alignment": "center",
                          "font_scale_factor": 1.3,
                          "anchor_from": "top_middle",
                          "anchor_to": "top_middle",
                          "offset": [
                              0,
                              0.5
                          ],
                          "shadow": false,
                          "bindings": [
                              {
                                  "binding_name": "#title_text",
                                  "binding_type": "global"
                              }
                          ]
                      }
                  }
              ]
          }
      },
      {
          "close_button@server_form.zeqa_close_button": {
              "anchor_from": "top_right",
              "anchor_to": "top_right",
              "offset": [
                  5,
                  -8
              ]
          }
      },
      {
        "contents": {
          "size": [
            "100%",
            "100%"
          ],
          "layer": 2,
          "type": "image",
          "texture": "textures/ui/zeqa/static/rules",
          "keep_ratio": false
        }
      }
    ]
  }
}
